,Location_ID,offense_level,n_pickups,n_crime_severity,n_crimes,Percentage_Crime_Severity
0,170,FELONY,4420686,5607,12873,43.5562805873
1,170,VIOLATION,4420686,1015,12873,7.8847199565
2,170,MISDEMEANOR,4420686,6251,12873,48.5589994562
3,171,VIOLATION,1121,1246,11192,11.1329521086
4,171,MISDEMEANOR,1121,5881,11192,52.5464617584
5,171,FELONY,1121,4065,11192,36.320586133
6,172,MISDEMEANOR,38,5653,9263,61.0277447911
7,172,VIOLATION,38,1613,9263,17.4133650005
8,172,FELONY,38,1997,9263,21.5588902084
9,173,MISDEMEANOR,7346,13275,23967,55.3886594067
10,173,VIOLATION,7346,2307,23967,9.62573538616
11,173,FELONY,7346,8385,23967,34.9856052072
12,174,FELONY,1188,6521,20533,31.7586324453
13,174,MISDEMEANOR,1188,11722,20533,57.0885891005
14,174,VIOLATION,1188,2290,20533,11.1527784542
15,175,VIOLATION,330,890,6488,13.7176325524
16,175,FELONY,330,2519,6488,38.8255240444
17,175,MISDEMEANOR,330,3079,6488,47.4568434032
18,176,VIOLATION,35,935,4924,18.9886271324
19,176,MISDEMEANOR,35,2837,4924,57.6157595451
20,176,FELONY,35,1152,4924,23.3956133225
21,220,VIOLATION,2689,1705,16753,10.1772816809
22,220,MISDEMEANOR,2689,10619,16753,63.3856622694
23,220,FELONY,2689,4429,16753,26.4370560497
24,177,FELONY,3288,9171,27080,33.8663220089
25,177,VIOLATION,3288,3128,27080,11.5509601182
26,177,MISDEMEANOR,3288,14781,27080,54.582717873
27,221,FELONY,207,4369,18238,23.9554775743
28,221,VIOLATION,207,2951,18238,16.1805022481
29,221,MISDEMEANOR,207,10918,18238,59.8640201777
30,178,VIOLATION,1940,729,5770,12.6343154246
31,178,MISDEMEANOR,1940,3004,5770,52.0623916811
32,178,FELONY,1940,2037,5770,35.3032928943
33,222,VIOLATION,158,368,4206,8.74940561103
34,222,MISDEMEANOR,158,2383,4206,56.6571564432
35,222,FELONY,158,1455,4206,34.5934379458
36,179,VIOLATION,100441,1844,11993,15.3756357875
37,179,MISDEMEANOR,100441,6439,11993,53.6896522972
38,179,FELONY,100441,3710,11993,30.9347119153
39,223,VIOLATION,104828,2264,17376,13.02946593
40,223,MISDEMEANOR,104828,9718,17376,55.9277163904
41,223,FELONY,104828,5394,17376,31.0428176796
42,224,VIOLATION,338980,213,1986,10.7250755287
43,224,MISDEMEANOR,338980,967,1986,48.690835851
44,224,FELONY,338980,806,1986,40.5840886203
45,225,FELONY,31733,17008,51924,32.755565827
46,225,VIOLATION,31733,6716,51924,12.9342885756
47,225,MISDEMEANOR,31733,28200,51924,54.3101455974
48,226,VIOLATION,243996,2951,25194,11.7131062951
49,226,FELONY,243996,7820,25194,31.0391363023
50,226,MISDEMEANOR,243996,14423,25194,57.2477574026
51,227,VIOLATION,2537,2469,24760,9.97172859451
52,227,MISDEMEANOR,2537,13574,24760,54.8222940226
53,227,FELONY,2537,8717,24760,35.2059773829
54,110,VIOLATION,340,7,31,22.5806451613
55,110,MISDEMEANOR,340,19,31,61.2903225806
56,110,FELONY,340,5,31,16.1290322581
57,228,VIOLATION,19976,3117,27450,11.3551912568
58,228,MISDEMEANOR,19976,15939,27450,58.0655737705
59,228,FELONY,19976,8394,27450,30.5792349727
60,111,MISDEMEANOR,1119,456,771,59.1439688716
61,111,FELONY,1119,243,771,31.5175097276
62,111,VIOLATION,1119,72,771,9.33852140078
63,229,MISDEMEANOR,2970471,4119,8169,50.4223283144
64,229,FELONY,2970471,3273,8169,40.0661035622
65,229,VIOLATION,2970471,777,8169,9.51156812339
66,112,VIOLATION,175638,1664,15979,10.4136679392
67,112,MISDEMEANOR,175638,8869,15979,55.5040991301
68,112,FELONY,175638,5446,15979,34.0822329307
69,113,FELONY,2828322,6668,20353,32.7617550238
70,113,VIOLATION,2828322,963,20353,4.73148921535
71,113,MISDEMEANOR,2828322,12722,20353,62.5067557608
72,114,VIOLATION,2230004,737,12828,5.74524477705
73,114,FELONY,2230004,4608,12828,35.9214218896
74,114,MISDEMEANOR,2230004,7483,12828,58.3333333333
75,115,VIOLATION,81,1804,10794,16.7129886974
76,115,MISDEMEANOR,81,6559,10794,60.7652399481
77,115,FELONY,81,2431,10794,22.5217713545
78,50,VIOLATION,1530458,987,8330,11.8487394958
79,50,MISDEMEANOR,1530458,4520,8330,54.2617046819
80,50,FELONY,1530458,2823,8330,33.8895558223
81,116,FELONY,122956,8071,30210,26.7163190996
82,116,MISDEMEANOR,122956,18271,30210,60.4799735187
83,116,VIOLATION,122956,3868,30210,12.8037073817
84,51,FELONY,465,4786,18284,26.1758914898
85,51,MISDEMEANOR,465,11372,18284,62.1964559177
86,51,VIOLATION,465,2126,18284,11.6276525924
87,117,FELONY,105,8219,25463,32.2782075953
88,117,MISDEMEANOR,105,12840,25463,50.4261084711
89,117,VIOLATION,105,4404,25463,17.2956839336
90,52,FELONY,97540,904,2563,35.2711666016
91,52,MISDEMEANOR,97540,1440,2563,56.1841591885
92,52,VIOLATION,97540,219,2563,8.54467420991
93,118,FELONY,98,2694,13135,20.5100875523
94,118,MISDEMEANOR,98,8356,13135,63.6162923487
95,118,VIOLATION,98,2085,13135,15.873620099
96,53,FELONY,1099,2796,7521,37.1759074591
97,53,MISDEMEANOR,1099,3636,7521,48.3446350219
98,53,VIOLATION,1099,1089,7521,14.4794575189
99,119,MISDEMEANOR,2394,10059,15385,65.3818654534
100,119,FELONY,2394,4143,15385,26.9288267793
101,119,VIOLATION,2394,1183,15385,7.68930776731
102,54,MISDEMEANOR,13924,1420,2435,58.3162217659
103,54,FELONY,13924,728,2435,29.8973305955
104,54,VIOLATION,13924,287,2435,11.7864476386
105,55,VIOLATION,980,3872,32935,11.7564900562
106,55,MISDEMEANOR,980,19169,32935,58.2025201154
107,55,FELONY,980,9894,32935,30.0409898284
108,56,VIOLATION,4152,1948,14962,13.0196497794
109,56,FELONY,4152,5039,14962,33.6786525866
110,56,MISDEMEANOR,4152,7975,14962,53.301697634
111,58,FELONY,42,524,1753,29.8916143754
112,58,VIOLATION,42,242,1753,13.8049058756
113,58,MISDEMEANOR,42,987,1753,56.303479749
114,59,MISDEMEANOR,76,1555,2548,61.0282574568
115,59,VIOLATION,76,259,2548,10.1648351648
116,59,FELONY,76,734,2548,28.8069073783
117,180,VIOLATION,1273,1091,10074,10.8298590431
118,180,MISDEMEANOR,1273,5172,10074,51.340083383
119,180,FELONY,1273,3811,10074,37.830057574
120,181,VIOLATION,204206,2690,22211,12.1111161136
121,181,MISDEMEANOR,204206,11826,22211,53.2438881635
122,181,FELONY,204206,7695,22211,34.6449957228
123,182,VIOLATION,1081,766,9338,8.20304133647
124,182,MISDEMEANOR,1081,5984,9338,64.082244592
125,182,FELONY,1081,2588,9338,27.7147140715
126,183,VIOLATION,171,675,4594,14.6930779277
127,183,MISDEMEANOR,171,2464,4594,53.6351763169
128,183,FELONY,171,1455,4594,31.6717457553
129,184,MISDEMEANOR,550,844,1413,59.7310686483
130,184,FELONY,550,440,1413,31.1394196745
131,184,VIOLATION,550,129,1413,9.12951167728
132,185,VIOLATION,811,1793,14655,12.2347321733
133,185,MISDEMEANOR,811,8476,14655,57.8369157284
134,185,FELONY,811,4386,14655,29.9283520983
135,186,FELONY,3265207,4609,12073,38.1760954195
136,186,VIOLATION,3265207,642,12073,5.31765095668
137,186,MISDEMEANOR,3265207,6822,12073,56.5062536238
138,230,FELONY,4034758,9685,25641,37.7715377715
139,230,VIOLATION,4034758,1744,25641,6.80160680161
140,230,MISDEMEANOR,4034758,14212,25641,55.4268554269
141,187,VIOLATION,44,1945,12570,15.4733492442
142,187,FELONY,44,3181,12570,25.3062848051
143,187,MISDEMEANOR,44,7444,12570,59.2203659507
144,231,VIOLATION,2438377,1536,16205,9.47855600123
145,231,FELONY,2438377,5495,16205,33.909287257
146,231,MISDEMEANOR,2438377,9174,16205,56.6121567417
147,188,MISDEMEANOR,20292,24099,43774,55.0532279435
148,188,FELONY,20292,14199,43774,32.4370630968
149,188,VIOLATION,20292,5476,43774,12.5097089597
150,232,MISDEMEANOR,307065,14686,24094,60.9529343405
151,232,FELONY,307065,6322,24094,26.2388976509
152,232,VIOLATION,307065,3086,24094,12.8081680086
153,189,VIOLATION,78667,785,7701,10.1934813661
154,189,FELONY,78667,2603,7701,33.8008050902
155,189,MISDEMEANOR,78667,4313,7701,56.0057135437
156,233,VIOLATION,1828223,556,4859,11.4426836798
157,233,FELONY,1828223,1863,4859,38.3412224738
158,233,MISDEMEANOR,1828223,2440,4859,50.2160938465
159,234,FELONY,4855175,9724,24076,40.3887688985
160,234,VIOLATION,4855175,1528,24076,6.34656919754
161,234,MISDEMEANOR,4855175,12824,24076,53.264661904
162,235,MISDEMEANOR,2355,18876,30678,61.5294347741
163,235,VIOLATION,2355,4034,30678,13.1494882326
164,235,FELONY,2355,7768,30678,25.3210769933
165,236,FELONY,4365993,4688,12138,38.6225078267
166,236,VIOLATION,4365993,816,12138,6.72268907563
167,236,MISDEMEANOR,4365993,6634,12138,54.6548030977
168,237,VIOLATION,5060349,859,11615,7.39560912613
169,237,FELONY,5060349,5424,11615,46.6982350409
170,237,MISDEMEANOR,5060349,5332,11615,45.906155833
171,120,FELONY,2101,930,3033,30.6627101879
172,120,VIOLATION,2101,200,3033,6.59413122321
173,120,MISDEMEANOR,2101,1903,3033,62.7431585889
174,238,FELONY,2185865,6414,20767,30.885539558
175,238,VIOLATION,2185865,2729,20767,13.1410410748
176,238,MISDEMEANOR,2185865,11624,20767,55.9734193673
177,121,VIOLATION,1035,1321,9951,13.2750477339
178,121,FELONY,1035,3314,9951,33.3031856095
179,121,MISDEMEANOR,1035,5316,9951,53.4217666566
180,239,VIOLATION,2762322,1815,15309,11.855771115
181,239,FELONY,2762322,4978,15309,32.5168201711
182,239,MISDEMEANOR,2762322,8516,15309,55.6274087138
183,122,VIOLATION,159,1082,8398,12.8840200048
184,122,MISDEMEANOR,159,4176,8398,49.7261252679
185,122,FELONY,159,3140,8398,37.3898547273
186,123,VIOLATION,1715,1637,14917,10.9740564457
187,123,FELONY,1715,5162,14917,34.6048133003
188,123,MISDEMEANOR,1715,8118,14917,54.4211302541
189,124,MISDEMEANOR,1253,4174,8365,49.8983861327
190,124,VIOLATION,1253,980,8365,11.7154811715
191,124,FELONY,1253,3211,8365,38.3861326958
192,3,MISDEMEANOR,318,7265,12301,59.060239005
193,3,VIOLATION,318,1451,12301,11.7957889602
194,3,FELONY,318,3585,12301,29.1439720348
195,125,MISDEMEANOR,1060800,2423,4392,55.1684881603
196,125,FELONY,1060800,1619,4392,36.8624772313
197,125,VIOLATION,1060800,350,4392,7.96903460838
198,4,MISDEMEANOR,562463,10420,17249,60.4092990898
199,4,FELONY,562463,4643,17249,26.9175024639
200,4,VIOLATION,562463,2186,17249,12.6731984463
201,60,MISDEMEANOR,957,11206,18198,61.5781954061
202,60,FELONY,957,4986,18198,27.3986152324
203,60,VIOLATION,957,2006,18198,11.0231893615
204,126,VIOLATION,1401,3835,36530,10.4982206406
205,126,FELONY,1401,11742,36530,32.1434437449
206,126,MISDEMEANOR,1401,20953,36530,57.3583356146
207,5,VIOLATION,26,1098,5440,20.1838235294
208,5,FELONY,26,1226,5440,22.5367647059
209,5,MISDEMEANOR,26,3116,5440,57.2794117647
210,61,VIOLATION,64778,9539,84753,11.255058818
211,61,FELONY,64778,27006,84753,31.8643587838
212,61,MISDEMEANOR,64778,48208,84753,56.8805823983
213,127,VIOLATION,12893,1603,16545,9.6887277123
214,127,FELONY,12893,5602,16545,33.8591719553
215,127,MISDEMEANOR,12893,9340,16545,56.4521003324
216,6,VIOLATION,325,1032,5754,17.9353493222
217,6,FELONY,325,1314,5754,22.8362877998
218,6,MISDEMEANOR,325,3408,5754,59.228362878
219,62,VIOLATION,8842,2608,20791,12.5438891828
220,62,FELONY,8842,6435,20791,30.950892213
221,62,MISDEMEANOR,8842,11748,20791,56.5052186042
222,128,MISDEMEANOR,944,519,895,57.9888268156
223,128,VIOLATION,944,69,895,7.7094972067
224,128,FELONY,944,307,895,34.3016759777
225,63,MISDEMEANOR,1195,12809,22996,55.7009914768
226,63,VIOLATION,1195,1950,22996,8.47973560619
227,63,FELONY,1195,8237,22996,35.819272917
228,7,MISDEMEANOR,303578,19330,34680,55.738177624
229,7,VIOLATION,303578,4566,34680,13.1660899654
230,7,FELONY,303578,10784,34680,31.0957324106
231,129,FELONY,72389,15023,46864,32.0565892796
232,129,VIOLATION,72389,4926,46864,10.5112666439
233,129,MISDEMEANOR,72389,26915,46864,57.4321440765
234,64,FELONY,610,2785,6890,40.4208998549
235,64,VIOLATION,610,775,6890,11.2481857765
236,64,MISDEMEANOR,610,3330,6890,48.3309143687
237,8,FELONY,2979,109,325,33.5384615385
238,8,VIOLATION,2979,43,325,13.2307692308
239,8,MISDEMEANOR,2979,173,325,53.2307692308
240,65,MISDEMEANOR,258854,9510,16505,57.6189033626
241,65,VIOLATION,258854,2350,16505,14.2381096637
242,65,FELONY,258854,4645,16505,28.1429869736
243,9,MISDEMEANOR,316,3001,6199,48.4110340377
244,9,VIOLATION,316,779,6199,12.5665429908
245,9,FELONY,316,2419,6199,39.0224229714
246,66,MISDEMEANOR,78734,3873,6725,57.5910780669
247,66,FELONY,78734,2069,6725,30.7657992565
248,66,VIOLATION,78734,783,6725,11.6431226766
249,67,VIOLATION,1302,1344,10945,12.2795797168
250,67,FELONY,1302,3566,10945,32.5810872545
251,67,MISDEMEANOR,1302,6035,10945,55.1393330288
252,68,MISDEMEANOR,3642337,12720,23172,54.89383739
253,68,FELONY,3642337,8400,23172,36.250647333
254,68,VIOLATION,3642337,2052,23172,8.85551527706
255,69,MISDEMEANOR,5250,20640,32004,64.4919385077
256,69,VIOLATION,5250,2924,32004,9.13635795526
257,69,FELONY,5250,8440,32004,26.3717035371
258,190,FELONY,13539,1474,4380,33.6529680365
259,190,VIOLATION,13539,477,4380,10.8904109589
260,190,MISDEMEANOR,13539,2429,4380,55.4566210046
261,191,FELONY,1121,7158,17935,39.9107889601
262,191,MISDEMEANOR,1121,8542,17935,47.6275439086
263,191,VIOLATION,1121,2235,17935,12.4616671313
264,192,MISDEMEANOR,1613,2559,5809,44.0523325874
265,192,VIOLATION,1613,554,5809,9.53692546049
266,192,FELONY,1613,2696,5809,46.4107419521
267,193,VIOLATION,85261,1613,9578,16.8406765504
268,193,MISDEMEANOR,85261,5110,9578,53.3514303612
269,193,FELONY,85261,2855,9578,29.8078930883
270,194,VIOLATION,7446,157,3449,4.55204407075
271,194,FELONY,7446,894,3449,25.9205566831
272,194,MISDEMEANOR,7446,2398,3449,69.5273992462
273,195,MISDEMEANOR,16932,6756,11437,59.0714348168
274,195,FELONY,16932,3158,11437,27.6121360497
275,195,VIOLATION,16932,1523,11437,13.3164291335
276,196,VIOLATION,14000,880,10889,8.08155018826
277,196,FELONY,14000,2920,10889,26.8160528974
278,196,MISDEMEANOR,14000,7089,10889,65.1023969143
279,240,VIOLATION,885,395,4754,8.30879259571
280,240,FELONY,885,1423,4754,29.9326882625
281,240,MISDEMEANOR,885,2936,4754,61.7585191418
282,197,MISDEMEANOR,6574,16936,31864,53.150891288
283,197,FELONY,6574,10415,31864,32.6857896058
284,197,VIOLATION,6574,4513,31864,14.1633191062
285,241,MISDEMEANOR,1108,11943,21099,56.604578416
286,241,FELONY,1108,6300,21099,29.8592350348
287,241,VIOLATION,1108,2856,21099,13.5361865491
288,198,FELONY,6671,11326,35445,31.9537311327
289,198,VIOLATION,6671,4758,35445,13.4236140499
290,198,MISDEMEANOR,6671,19361,35445,54.6226548173
291,242,FELONY,1291,5702,19285,29.5670210008
292,242,VIOLATION,1291,2411,19285,12.5019445165
293,242,MISDEMEANOR,1291,11172,19285,57.9310344828
294,199,VIOLATION,250,43,8186,0.525287075495
295,199,MISDEMEANOR,250,3594,8186,43.9042267286
296,199,FELONY,250,4549,8186,55.5704861959
297,243,VIOLATION,32047,2717,26341,10.3147184997
298,243,MISDEMEANOR,32047,14603,26341,55.4382901181
299,243,FELONY,32047,9021,26341,34.2469913823
300,244,MISDEMEANOR,112607,19394,33456,57.968675275
301,244,VIOLATION,112607,3539,33456,10.5780726925
302,244,FELONY,112607,10523,33456,31.4532520325
303,245,VIOLATION,34,1310,8670,15.1095732411
304,245,MISDEMEANOR,34,5304,8670,61.1764705882
305,245,FELONY,34,2056,8670,23.7139561707
306,246,FELONY,2204546,3003,7820,38.4015345269
307,246,MISDEMEANOR,2204546,4274,7820,54.6547314578
308,246,VIOLATION,2204546,543,7820,6.94373401535
309,247,VIOLATION,11424,1775,23304,7.61671815997
310,247,FELONY,11424,6335,23304,27.1841743907
311,247,MISDEMEANOR,11424,15194,23304,65.1991074494
312,130,FELONY,9066,14131,42196,33.4889562992
313,130,VIOLATION,9066,4650,42196,11.0200018959
314,130,MISDEMEANOR,9066,23415,42196,55.4910418049
315,248,FELONY,715,4334,15963,27.1502850341
316,248,VIOLATION,715,1521,15963,9.52828415711
317,248,MISDEMEANOR,715,10108,15963,63.3214308087
318,131,VIOLATION,1158,888,8866,10.015790661
319,131,MISDEMEANOR,1158,4511,8866,50.8797653959
320,131,FELONY,1158,3467,8866,39.1044439432
321,249,VIOLATION,2546927,1223,15674,7.80273063672
322,249,MISDEMEANOR,2546927,8006,15674,51.0782187061
323,249,FELONY,2546927,6445,15674,41.1190506571
324,132,FELONY,2263997,464,1225,37.8775510204
325,132,MISDEMEANOR,2263997,733,1225,59.8367346939
326,132,VIOLATION,2263997,28,1225,2.28571428571
327,133,MISDEMEANOR,9857,5919,11119,53.2332044249
328,133,FELONY,9857,3680,11119,33.0965014839
329,133,VIOLATION,9857,1520,11119,13.6702940912
330,134,VIOLATION,8030,997,6672,14.9430455635
331,134,MISDEMEANOR,8030,3464,6672,51.9184652278
332,134,FELONY,8030,2211,6672,33.1384892086
333,135,FELONY,2830,3786,11449,33.0683902524
334,135,VIOLATION,2830,1555,11449,13.5819722246
335,135,MISDEMEANOR,2830,6108,11449,53.3496375229
336,70,FELONY,31707,3359,10413,32.2577547297
337,70,VIOLATION,31707,1328,10413,12.7532891578
338,70,MISDEMEANOR,31707,5726,10413,54.9889561126
339,136,VIOLATION,1553,1720,18687,9.20425964574
340,136,MISDEMEANOR,1553,11460,18687,61.3260555466
341,136,FELONY,1553,5507,18687,29.4696848076
342,71,VIOLATION,1317,2993,24285,12.3244801318
343,71,MISDEMEANOR,1317,12272,24285,50.533250978
344,71,FELONY,1317,9020,24285,37.1422688903
345,137,MISDEMEANOR,1883923,5304,10251,51.7412935323
346,137,FELONY,1883923,3859,10251,37.6451077944
347,137,VIOLATION,1883923,1088,10251,10.6135986733
348,72,MISDEMEANOR,1462,15130,30462,49.6684393671
349,72,FELONY,1462,11074,30462,36.3534895936
350,72,VIOLATION,1462,4258,30462,13.9780710393
351,138,MISDEMEANOR,2810237,480,763,62.9095674967
352,138,FELONY,2810237,253,763,33.1585845347
353,138,VIOLATION,2810237,30,763,3.93184796855
354,73,MISDEMEANOR,393,2689,5467,49.1860252424
355,73,FELONY,393,2107,5467,38.5403329065
356,73,VIOLATION,393,671,5467,12.2736418511
357,139,FELONY,355,3777,8943,42.2341496142
358,139,MISDEMEANOR,355,4096,8943,45.8011852846
359,139,VIOLATION,355,1070,8943,11.9646651012
360,74,FELONY,417633,14903,59036,25.2439189647
361,74,MISDEMEANOR,417633,38024,59036,64.4081577343
362,74,VIOLATION,417633,6109,59036,10.347923301
363,75,VIOLATION,769237,4394,36838,11.9279005375
364,75,MISDEMEANOR,769237,23166,36838,62.886150171
365,75,FELONY,769237,9278,36838,25.1859492915
366,76,FELONY,3153,24030,72210,33.2779393436
367,76,MISDEMEANOR,3153,40948,72210,56.7068273092
368,76,VIOLATION,3153,7232,72210,10.0152333472
369,77,FELONY,731,7900,24499,32.2462141312
370,77,VIOLATION,731,2681,24499,10.9433038083
371,77,MISDEMEANOR,731,13918,24499,56.8104820605
372,78,FELONY,967,9000,31976,28.1461095822
373,78,VIOLATION,967,3522,31976,11.0145108832
374,78,MISDEMEANOR,967,19454,31976,60.8393795347
375,79,FELONY,4277340,8847,24492,36.1219990201
376,79,MISDEMEANOR,4277340,13825,24492,56.4470031031
377,79,VIOLATION,4277340,1820,24492,7.43099787686
378,10,FELONY,10866,7327,18261,40.1237610208
379,10,MISDEMEANOR,10866,9098,18261,49.8220250808
380,10,VIOLATION,10866,1836,18261,10.0542138985
381,11,MISDEMEANOR,806,6642,11176,59.4309234073
382,11,FELONY,806,3251,11176,29.0891195419
383,11,VIOLATION,806,1283,11176,11.4799570508
384,12,MISDEMEANOR,134154,558,914,61.0503282276
385,12,VIOLATION,134154,107,914,11.7067833698
386,12,FELONY,134154,249,914,27.2428884026
387,13,MISDEMEANOR,1149980,1401,2805,49.9465240642
388,13,VIOLATION,1149980,422,2805,15.0445632799
389,13,FELONY,1149980,982,2805,35.008912656
390,14,VIOLATION,7526,3972,30701,12.9376893261
391,14,MISDEMEANOR,7526,18146,30701,59.1055665939
392,14,FELONY,7526,8583,30701,27.95674408
393,250,VIOLATION,1905,1458,13178,11.0638943694
394,250,MISDEMEANOR,1905,7460,13178,56.609500683
395,250,FELONY,1905,4260,13178,32.3266049476
396,15,MISDEMEANOR,256,1637,3457,47.3531964131
397,15,VIOLATION,256,509,3457,14.7237489152
398,15,FELONY,256,1311,3457,37.9230546717
399,251,MISDEMEANOR,88,4479,7272,61.5924092409
400,251,VIOLATION,88,1136,7272,15.6215621562
401,251,FELONY,88,1657,7272,22.7860286029
402,16,MISDEMEANOR,687,6827,13506,50.547904635
403,16,VIOLATION,687,1635,13506,12.1057307863
404,16,FELONY,687,5044,13506,37.3463645787
405,252,MISDEMEANOR,746,4591,8766,52.3728040155
406,252,VIOLATION,746,1078,8766,12.2975131189
407,252,FELONY,746,3097,8766,35.3296828656
408,17,FELONY,72580,14605,42814,34.1126734246
409,17,MISDEMEANOR,72580,23321,42814,54.4705003036
410,17,VIOLATION,72580,4888,42814,11.4168262718
411,253,FELONY,416,311,763,40.7601572739
412,253,MISDEMEANOR,416,412,763,53.997378768
413,253,VIOLATION,416,40,763,5.24246395806
414,18,MISDEMEANOR,1211,16395,27695,59.1984112656
415,18,VIOLATION,1211,2685,27695,9.69489077451
416,18,FELONY,1211,8615,27695,31.1066979599
417,254,MISDEMEANOR,547,15582,26927,57.8675678687
418,254,VIOLATION,547,3134,26927,11.6388754781
419,254,FELONY,547,8211,26927,30.4935566532
420,19,MISDEMEANOR,1269,2951,6370,46.3265306122
421,19,VIOLATION,1269,775,6370,12.1664050235
422,19,FELONY,1269,2644,6370,41.5070643642
423,255,MISDEMEANOR,427261,6517,12241,53.2391144514
424,255,VIOLATION,427261,930,12241,7.59741851156
425,255,FELONY,427261,4794,12241,39.163467037
426,256,FELONY,331397,5834,16570,35.2082076041
427,256,VIOLATION,331397,1607,16570,9.69824984912
428,256,MISDEMEANOR,331397,9129,16570,55.0935425468
429,257,FELONY,6803,1800,5203,34.5954257159
430,257,MISDEMEANOR,6803,2879,5203,55.3334614645
431,257,VIOLATION,6803,524,5203,10.0711128195
432,140,MISDEMEANOR,2157669,3170,6458,49.0864044596
433,140,FELONY,2157669,2647,6458,40.9879219573
434,140,VIOLATION,2157669,641,6458,9.92567358315
435,258,MISDEMEANOR,2220,12486,23735,52.6058563303
436,258,FELONY,2220,8224,23735,34.6492521593
437,258,VIOLATION,2220,3025,23735,12.7448915104
438,141,VIOLATION,3245174,849,13279,6.39355373146
439,141,MISDEMEANOR,3245174,6979,13279,52.5566684238
440,141,FELONY,3245174,5451,13279,41.0497778447
441,259,VIOLATION,1351,1656,16710,9.91023339318
442,259,MISDEMEANOR,1351,9279,16710,55.5296229803
443,259,FELONY,1351,5775,16710,34.5601436266
444,142,FELONY,4353804,6054,18776,32.2432893055
445,142,VIOLATION,4353804,2008,18776,10.6945036216
446,142,MISDEMEANOR,4353804,10714,18776,57.0622070729
447,143,MISDEMEANOR,1374258,3815,7049,54.1211519364
448,143,FELONY,1374258,2201,7049,31.2242871329
449,143,VIOLATION,1374258,1033,7049,14.6545609306
450,144,FELONY,1787062,5193,17180,30.227008149
451,144,VIOLATION,1787062,962,17180,5.59953434226
452,144,MISDEMEANOR,1787062,11025,17180,64.1734575087
453,145,MISDEMEANOR,200057,5586,9726,57.4336829118
454,145,FELONY,200057,2958,9726,30.413325108
455,145,VIOLATION,200057,1182,9726,12.1529919803
456,80,MISDEMEANOR,163608,12847,24134,53.2319549184
457,80,FELONY,163608,8816,24134,36.5293776415
458,80,VIOLATION,163608,2471,24134,10.2386674401
459,146,FELONY,169676,2478,7380,33.5772357724
460,146,VIOLATION,169676,856,7380,11.5989159892
461,146,MISDEMEANOR,169676,4046,7380,54.8238482385
462,81,FELONY,442,4420,14625,30.2222222222
463,81,VIOLATION,442,1738,14625,11.8837606838
464,81,MISDEMEANOR,442,8467,14625,57.894017094
465,147,MISDEMEANOR,832,12813,21403,59.8654394244
466,147,VIOLATION,832,2841,21403,13.2738401159
467,147,FELONY,832,5749,21403,26.8607204597
468,82,MISDEMEANOR,52468,23319,38310,60.8692247455
469,82,VIOLATION,52468,3117,38310,8.136256852
470,82,FELONY,52468,11874,38310,30.9945184025
471,148,FELONY,2212418,6623,20377,32.5023310595
472,148,VIOLATION,2212418,1582,20377,7.76365510134
473,148,MISDEMEANOR,2212418,12172,20377,59.7340138391
474,83,FELONY,27799,3744,10078,37.1502282199
475,83,VIOLATION,27799,1015,10078,10.0714427466
476,83,MISDEMEANOR,27799,5319,10078,52.7783290335
477,149,MISDEMEANOR,897,7071,13266,53.3016734509
478,149,FELONY,897,4791,13266,36.1148801447
479,149,VIOLATION,897,1404,13266,10.5834464043
480,84,MISDEMEANOR,148,4873,8116,60.0418925579
481,84,FELONY,148,1930,8116,23.7801872844
482,84,VIOLATION,148,1313,8116,16.1779201577
483,85,VIOLATION,3680,3150,25724,12.2453739698
484,85,FELONY,3680,8905,25724,34.6174778417
485,85,MISDEMEANOR,3680,13669,25724,53.1371481885
486,86,VIOLATION,714,4858,30208,16.0818326271
487,86,FELONY,714,9462,30208,31.3228283898
488,86,MISDEMEANOR,714,15888,30208,52.5953389831
489,87,VIOLATION,1206811,936,8823,10.6086365182
490,87,MISDEMEANOR,1206811,4754,8823,53.8818995806
491,87,FELONY,1206811,3133,8823,35.5094639012
492,88,FELONY,378537,1023,3318,30.8318264014
493,88,VIOLATION,378537,416,3318,12.5376732972
494,88,MISDEMEANOR,378537,1879,3318,56.6305003014
495,89,MISDEMEANOR,19793,28048,51388,54.5808359928
496,89,VIOLATION,19793,5819,51388,11.3236553281
497,89,FELONY,19793,17521,51388,34.0955086791
498,20,VIOLATION,938,2158,20201,10.6826394733
499,20,FELONY,938,5954,20201,29.4737884263
500,20,MISDEMEANOR,938,12089,20201,59.8435721004
501,21,MISDEMEANOR,1071,9713,18091,53.6896799514
502,21,VIOLATION,1071,2454,18091,13.564755956
503,21,FELONY,1071,5924,18091,32.7455640926
504,22,VIOLATION,1957,2933,23755,12.3468743422
505,22,FELONY,1957,7915,23755,33.3193011997
506,22,MISDEMEANOR,1957,12907,23755,54.333824458
507,23,FELONY,233,2775,12123,22.8903736699
508,23,VIOLATION,233,2272,12123,18.7412356677
509,23,MISDEMEANOR,233,7076,12123,58.3683906624
510,24,MISDEMEANOR,412255,4382,7787,56.2732759728
511,24,FELONY,412255,2359,7787,30.2940798767
512,24,VIOLATION,412255,1046,7787,13.4326441505
513,260,MISDEMEANOR,75110,9356,16971,55.129338283
514,260,FELONY,75110,5691,16971,33.5336750928
515,260,VIOLATION,75110,1924,16971,11.3369866242
516,25,MISDEMEANOR,211835,14986,24593,60.9360387102
517,25,FELONY,211835,6903,24593,28.068962713
518,25,VIOLATION,211835,2704,24593,10.9949985768
519,261,MISDEMEANOR,615538,6234,8851,70.4327194667
520,261,FELONY,615538,2089,8851,23.601852898
521,261,VIOLATION,615538,528,8851,5.9654276353
522,26,MISDEMEANOR,2350,12870,22957,56.0613320556
523,26,FELONY,2350,7225,22957,31.4718822146
524,26,VIOLATION,2350,2862,22957,12.4667857298
525,262,MISDEMEANOR,1702852,3493,6837,51.0896592073
526,262,FELONY,1702852,2632,6837,38.496416557
527,262,VIOLATION,1702852,712,6837,10.4139242358
528,263,VIOLATION,2230558,955,12313,7.75603021197
529,263,FELONY,2230558,4620,12313,37.5213189312
530,263,MISDEMEANOR,2230558,6738,12313,54.7226508568
531,27,VIOLATION,962,102,809,12.60815822
532,27,FELONY,962,337,809,41.6563658838
533,27,MISDEMEANOR,962,370,809,45.7354758962
534,28,MISDEMEANOR,9739,6932,13790,50.2683103698
535,28,VIOLATION,9739,1683,13790,12.2044960116
536,28,FELONY,9739,5175,13790,37.5271936186
537,29,VIOLATION,717,1354,11974,11.3078336396
538,29,MISDEMEANOR,717,6716,11974,56.0881910807
539,29,FELONY,717,3904,11974,32.6039752798
540,150,MISDEMEANOR,474,3412,6050,56.3966942149
541,150,FELONY,474,1985,6050,32.8099173554
542,150,VIOLATION,474,653,6050,10.7933884298
543,151,MISDEMEANOR,1005766,10232,17244,59.3365808397
544,151,FELONY,1005766,4567,17244,26.4845743447
545,151,VIOLATION,1005766,2445,17244,14.1788448156
546,152,FELONY,132522,4771,18214,26.1941363786
547,152,VIOLATION,132522,2061,18214,11.3154716152
548,152,MISDEMEANOR,132522,11382,18214,62.4903920061
549,153,FELONY,1428,1529,5343,28.6168819016
550,153,MISDEMEANOR,1428,2873,5343,53.7712895377
551,153,VIOLATION,1428,941,5343,17.6118285607
552,154,MISDEMEANOR,327,1280,2150,59.5348837209
553,154,FELONY,327,701,2150,32.6046511628
554,154,VIOLATION,327,169,2150,7.86046511628
555,155,MISDEMEANOR,786,10882,18920,57.5158562368
556,155,FELONY,786,6008,18920,31.754756871
557,155,VIOLATION,786,2030,18920,10.7293868922
558,90,MISDEMEANOR,2533959,8010,14804,54.1069981086
559,90,FELONY,2533959,5511,14804,37.2264252905
560,90,VIOLATION,2533959,1283,14804,8.66657660092
561,156,MISDEMEANOR,190,10919,18050,60.4930747922
562,156,VIOLATION,190,3054,18050,16.91966759
563,156,FELONY,190,4077,18050,22.5872576177
564,200,MISDEMEANOR,1692,3933,7150,55.006993007
565,200,VIOLATION,1692,842,7150,11.7762237762
566,200,FELONY,1692,2375,7150,33.2167832168
567,91,MISDEMEANOR,2073,16347,30678,53.2857422257
568,91,VIOLATION,2073,3809,30678,12.4160636287
569,91,FELONY,2073,10522,30678,34.2981941456
570,157,FELONY,6059,3518,10870,32.3643054278
571,157,MISDEMEANOR,6059,5913,10870,54.397424103
572,157,VIOLATION,6059,1439,10870,13.2382704692
573,201,FELONY,218,2806,9527,29.4531332004
574,201,MISDEMEANOR,218,5054,9527,53.0492285084
575,201,VIOLATION,218,1667,9527,17.4976382912
576,92,FELONY,13291,9325,29273,31.8552932737
577,92,MISDEMEANOR,13291,16997,29273,58.0637447477
578,92,VIOLATION,13291,2951,29273,10.0809619786
579,158,FELONY,2211732,4158,10766,38.6215864759
580,158,VIOLATION,2211732,698,10766,6.4833735835
581,158,MISDEMEANOR,2211732,5910,10766,54.8950399406
582,202,FELONY,14650,421,1227,34.3113284434
583,202,VIOLATION,14650,203,1227,16.5444172779
584,202,MISDEMEANOR,14650,603,1227,49.1442542787
585,93,FELONY,10839,1167,3692,31.6088840737
586,93,VIOLATION,10839,245,3692,6.63596966414
587,93,MISDEMEANOR,10839,2280,3692,61.7551462622
588,159,FELONY,5250,9486,36066,26.3017800699
589,159,VIOLATION,5250,3578,36066,9.92070093717
590,159,MISDEMEANOR,5250,23002,36066,63.777518993
591,203,FELONY,1399,3947,9467,41.6921939368
592,203,VIOLATION,1399,1321,9467,13.9537340234
593,203,MISDEMEANOR,1399,4199,9467,44.3540720397
594,94,FELONY,1209,6927,26093,26.5473498639
595,94,VIOLATION,1209,2928,26093,11.2214003756
596,94,MISDEMEANOR,1209,16238,26093,62.2312497605
597,204,VIOLATION,17,984,6347,15.5033874271
598,204,MISDEMEANOR,17,3928,6347,61.8875059083
599,204,FELONY,17,1435,6347,22.6091066646
600,95,VIOLATION,27530,2448,21791,11.2339956863
601,95,MISDEMEANOR,27530,11893,21791,54.5775778991
602,95,FELONY,27530,7450,21791,34.1884264146
603,205,FELONY,425,8355,20886,40.0028727377
604,205,VIOLATION,425,2060,20886,9.86306616873
605,205,MISDEMEANOR,425,10471,20886,50.1340610936
606,96,FELONY,691,998,3050,32.7213114754
607,96,VIOLATION,691,257,3050,8.4262295082
608,96,MISDEMEANOR,691,1795,3050,58.8524590164
609,206,MISDEMEANOR,570,15438,25854,59.7122302158
610,206,FELONY,570,5701,25854,22.0507464996
611,206,VIOLATION,570,4715,25854,18.2370232846
612,97,MISDEMEANOR,138671,15643,25586,61.1389040882
613,97,FELONY,138671,7387,25586,28.8712577191
614,97,VIOLATION,138671,2556,25586,9.98983819276
615,207,FELONY,3876,137,326,42.0245398773
616,207,VIOLATION,3876,25,326,7.66871165644
617,207,MISDEMEANOR,3876,164,326,50.3067484663
618,98,FELONY,678,1984,5273,37.6256400531
619,98,VIOLATION,678,470,5273,8.91333206903
620,98,MISDEMEANOR,678,2819,5273,53.4610278779
621,208,FELONY,913,4990,19384,25.7428807264
622,208,VIOLATION,913,2997,19384,15.4612051176
623,208,MISDEMEANOR,913,11397,19384,58.795914156
624,99,FELONY,45,464,2444,18.9852700491
625,99,VIOLATION,45,211,2444,8.63338788871
626,99,MISDEMEANOR,45,1769,2444,72.3813420622
627,209,MISDEMEANOR,259595,2089,3653,57.1858746236
628,209,FELONY,259595,1153,3653,31.5630988229
629,209,VIOLATION,259595,411,3653,11.2510265535
630,30,VIOLATION,42,193,1269,15.2088258471
631,30,FELONY,42,374,1269,29.4720252167
632,30,MISDEMEANOR,42,702,1269,55.3191489362
633,31,FELONY,552,1533,6052,25.3304692664
634,31,MISDEMEANOR,552,3889,6052,64.2597488434
635,31,VIOLATION,552,630,6052,10.4097818903
636,32,VIOLATION,608,2099,16192,12.9631916996
637,32,MISDEMEANOR,608,9495,16192,58.64006917
638,32,FELONY,608,4598,16192,28.3967391304
639,33,FELONY,209603,3125,9409,33.2128812839
640,33,MISDEMEANOR,209603,5395,9409,57.3387182485
641,33,VIOLATION,209603,889,9409,9.44840046764
642,34,VIOLATION,7289,138,1725,8.0
643,34,FELONY,7289,560,1725,32.4637681159
644,34,MISDEMEANOR,7289,1027,1725,59.5362318841
645,35,FELONY,1383,17881,58270,30.6864595847
646,35,MISDEMEANOR,1383,33032,58270,56.6878325039
647,35,VIOLATION,1383,7357,58270,12.6257079114
648,36,VIOLATION,41917,3172,30928,10.2560786342
649,36,FELONY,41917,12156,30928,39.3041903777
650,36,MISDEMEANOR,41917,15600,30928,50.4397309881
651,37,MISDEMEANOR,97327,26900,51118,52.6233420713
652,37,VIOLATION,97327,5692,51118,11.135020932
653,37,FELONY,97327,18526,51118,36.2416369968
654,38,VIOLATION,717,764,6232,12.2593068036
655,38,MISDEMEANOR,717,2862,6232,45.9242618742
656,38,FELONY,717,2606,6232,41.8164313222
657,39,VIOLATION,1303,6163,42270,14.5800804353
658,39,MISDEMEANOR,1303,21751,42270,51.4572983203
659,39,FELONY,1303,14356,42270,33.9626212444
660,160,MISDEMEANOR,4076,7246,12916,56.1009600496
661,160,VIOLATION,4076,1721,12916,13.3245586869
662,160,FELONY,4076,3949,12916,30.5744812635
663,161,FELONY,5221883,7591,16921,44.86141481
664,161,VIOLATION,5221883,1122,16921,6.63081378169
665,161,MISDEMEANOR,5221883,8208,16921,48.5077714083
666,162,FELONY,4286417,3940,9300,42.3655913978
667,162,MISDEMEANOR,4286417,4621,9300,49.688172043
668,162,VIOLATION,4286417,739,9300,7.94623655914
669,163,MISDEMEANOR,2913052,4580,8930,51.287793953
670,163,FELONY,2913052,3774,8930,42.2620380739
671,163,VIOLATION,2913052,576,8930,6.45016797312
672,164,FELONY,3325053,7350,16623,44.2158455152
673,164,VIOLATION,3325053,977,16623,5.87739878482
674,164,MISDEMEANOR,3325053,8296,16623,49.9067556999
675,165,FELONY,2873,5981,15964,37.4655474818
676,165,VIOLATION,2873,1424,15964,8.92007015786
677,165,MISDEMEANOR,2873,8559,15964,53.6143823603
678,166,VIOLATION,672039,1806,16860,10.7117437722
679,166,FELONY,672039,4981,16860,29.5432977461
680,166,MISDEMEANOR,672039,10073,16860,59.7449584816
681,210,VIOLATION,876,2781,22672,12.2662314749
682,210,FELONY,876,7100,22672,31.3161609033
683,210,MISDEMEANOR,876,12791,22672,56.4176076217
684,167,MISDEMEANOR,1810,16134,25994,62.0681695776
685,167,FELONY,1810,6731,25994,25.8944371778
686,167,VIOLATION,1810,3129,25994,12.0373932446
687,211,MISDEMEANOR,1449959,8947,14404,62.1146903638
688,211,FELONY,1449959,4711,14404,32.7061927242
689,211,VIOLATION,1449959,746,14404,5.17911691197
690,168,VIOLATION,25523,4601,45925,10.0185084377
691,168,MISDEMEANOR,25523,29323,45925,63.8497550354
692,168,FELONY,25523,12001,45925,26.1317365269
693,212,VIOLATION,1808,1739,19990,8.69934967484
694,212,MISDEMEANOR,1808,12807,19990,64.0670335168
695,212,FELONY,1808,5444,19990,27.2336168084
696,169,VIOLATION,2083,3841,32101,11.9653593346
697,169,FELONY,2083,8296,32101,25.8434316688
698,169,MISDEMEANOR,2083,19964,32101,62.1912089966
699,213,VIOLATION,1349,3028,30191,10.0294789838
700,213,FELONY,1349,7434,30191,24.623232089
701,213,MISDEMEANOR,1349,19729,30191,65.3472889272
702,214,VIOLATION,150,1398,7586,18.4286844187
703,214,MISDEMEANOR,150,4241,7586,55.9056156077
704,214,FELONY,150,1947,7586,25.6656999736
705,215,FELONY,3019,8328,21673,38.4256909519
706,215,MISDEMEANOR,3019,10699,21673,49.3655700641
707,215,VIOLATION,3019,2646,21673,12.208738984
708,216,VIOLATION,15820,4409,34018,12.9607854665
709,216,FELONY,15820,12852,34018,37.7799988242
710,216,MISDEMEANOR,15820,16757,34018,49.2592157093
711,217,FELONY,23853,2468,7571,32.598071589
712,217,MISDEMEANOR,23853,4308,7571,56.9013340378
713,217,VIOLATION,23853,795,7571,10.5005943733
714,100,FELONY,3211828,9402,27076,34.7244792436
715,100,VIOLATION,3211828,994,27076,3.67114788004
716,100,MISDEMEANOR,3211828,16680,27076,61.6043728763
717,218,FELONY,492,4253,12331,34.4903089774
718,218,VIOLATION,492,1115,12331,9.04225123672
719,218,MISDEMEANOR,492,6963,12331,56.4674397859
720,101,MISDEMEANOR,3197,2129,4499,47.3216270282
721,101,VIOLATION,3197,554,4499,12.3138475217
722,101,FELONY,3197,1816,4499,40.3645254501
723,219,MISDEMEANOR,4159,4742,10370,45.7280617165
724,219,VIOLATION,4159,1424,10370,13.7319189971
725,219,FELONY,4159,4204,10370,40.5400192864
726,102,VIOLATION,2113,1701,12435,13.6791314837
727,102,FELONY,2113,3593,12435,28.8942501005
728,102,MISDEMEANOR,2113,7141,12435,57.4266184158
729,103,MISDEMEANOR,6827,8,9,88.8888888889
730,103,FELONY,6827,1,9,11.1111111111
731,40,MISDEMEANOR,108273,3818,6702,56.9680692331
732,40,VIOLATION,108273,646,6702,9.63891375709
733,40,FELONY,108273,2238,6702,33.3930170098
734,106,FELONY,49280,1462,4663,31.3532060905
735,106,VIOLATION,49280,411,4663,8.81406819644
736,106,MISDEMEANOR,49280,2790,4663,59.8327257131
737,41,FELONY,362294,10807,39089,27.6471641638
738,41,VIOLATION,362294,4297,39089,10.9928624421
739,41,MISDEMEANOR,362294,23985,39089,61.359973394
740,107,FELONY,3222155,4795,12694,37.7737513786
741,107,MISDEMEANOR,3222155,6563,12694,51.701591303
742,107,VIOLATION,3222155,1336,12694,10.5246573184
743,42,FELONY,157305,15441,55647,27.7481265836
744,42,MISDEMEANOR,157305,33599,55647,60.3788164681
745,42,VIOLATION,157305,6607,55647,11.8730569483
746,108,MISDEMEANOR,370,6596,11725,56.2558635394
747,108,VIOLATION,370,1406,11725,11.9914712154
748,108,FELONY,370,3723,11725,31.7526652452
749,43,MISDEMEANOR,1660121,3687,6652,55.4269392664
750,43,VIOLATION,1660121,793,6652,11.9212266987
751,43,FELONY,1660121,2172,6652,32.6518340349
752,109,FELONY,29,2373,9991,23.7513762386
753,109,MISDEMEANOR,29,5701,9991,57.0613552197
754,109,VIOLATION,29,1917,9991,19.1872685417
755,44,FELONY,173,1909,8399,22.7288962972
756,44,MISDEMEANOR,173,5073,8399,60.4000476247
757,44,VIOLATION,173,1417,8399,16.8710560781
758,45,VIOLATION,267221,1223,9262,13.2044914705
759,45,FELONY,267221,2562,9262,27.661412222
760,45,MISDEMEANOR,267221,5477,9262,59.1340963075
761,46,VIOLATION,311,264,1636,16.1369193154
762,46,FELONY,311,427,1636,26.1002444988
763,46,MISDEMEANOR,311,945,1636,57.7628361858
764,47,VIOLATION,1122,2576,23005,11.1975657466
765,47,FELONY,1122,5913,23005,25.70310802
766,47,MISDEMEANOR,1122,14516,23005,63.0993262334
767,48,VIOLATION,4249274,2656,29356,9.04755416269
768,48,MISDEMEANOR,4249274,16788,29356,57.1876277422
769,48,FELONY,4249274,9912,29356,33.7648180951
770,49,MISDEMEANOR,88039,10527,19367,54.3553467238
771,49,FELONY,88039,6923,19367,35.7463726958
772,49,VIOLATION,88039,1917,19367,9.89828058037
